"NODF_complete_net","NODF_core_removed","p_value","subnetwork"
6.89223875577787,0.889556922627812,0,"general"
6.89223875577787,3.19860580875854,0,"pollination"
6.89223875577787,5.42982892173402,0,"ant"
6.89223875577787,6.24235416812251,0.01,"dispersal"
