"","core_sp_removed","z_score","p_value"
"h2",0.706374193443453,5.54785600612172,0
"k",1.65096952908587,-4.44223044907603,0
"r_p_random",0.577608178965145,-5.25038120492342,0
"r_p_lm",0.80041874342934,-4.76543354666222,0
"r_p_ml",0.276064042315915,-4.23948994048644,0
"r_a_random",0.639823330016904,-5.02142314276948,0
"r_a_lm",0.842540451767566,-5.52143046737796,0
"r_a_ml",0.392954272193437,-1.37048110894998,0.09
