"","core_sp_removed","z_score","p_value"
"h2",0.650336587900187,-1.29493806999373,0.93
"k",1.86350974930362,-2.36579464616185,0.03
"r_p_random",0.569175503361725,-7.16677580690937,0
"r_p_lm",0.772769178707621,-9.20095343308481,0
"r_p_ml",0.291451219038393,-5.41626907355035,0
"r_a_random",0.655138273301147,-6.63382013750114,0
"r_a_lm",0.815531782774109,-8.560254576912,0
"r_a_ml",0.364437695541547,-4.99540630125756,0
