"","core_sp_removed","z_score","p_value"
"h2",0.676165067601436,3.39191774936799,0
"k",1.58759124087591,-6.89141184996069,0
"r_p_random",0.623778492216873,-3.74609724824392,0
"r_p_lm",0.769214797497456,-13.6023427911111,0
"r_p_ml",0.381732730543149,7.21223416064503,1
"r_a_random",0.717576370862213,-1.32957270003374,0.1
"r_a_lm",0.818360998822935,-11.0229154460746,0
"r_a_ml",0.485449357590078,5.76968903431832,1
